Runtime (ms):,61905
Average checktime (ms):,14.672167
Cubesize:,100
Devisions:,4
Total cells:,64

Time per collision check(ms),TimeStamp,Collisions Checked,Collisions
14,14,1272,350
15,29,1234,336
14,43,1255,342
15,58,1223,338
14,72,1209,335
15,87,1215,337
15,102,1279,342
14,116,1307,346
14,130,1257,339
14,144,1253,340
14,158,1239,339
14,172,1201,335
15,187,1228,341
15,202,1299,352
14,216,1263,341
14,230,1236,336
14,244,1269,340
14,258,1274,339
14,272,1286,342
15,287,1290,341
15,302,1252,338
14,316,1236,335
15,331,1263,339
15,346,1273,343
14,360,1248,338
15,375,1265,343
15,390,1261,343
15,405,1272,343
14,419,1221,335
15,434,1281,342
15,449,1346,351
15,464,1403,361
15,479,1372,354
15,494,1324,347
14,508,1300,341
15,523,1333,349
14,537,1304,347
15,552,1258,338
15,567,1216,336
15,582,1264,346
14,596,1294,352
15,611,1302,351
15,626,1292,345
15,641,1294,350
15,656,1252,343
16,672,1266,345
15,687,1346,352
15,702,1342,349
14,716,1346,352
15,731,1294,344
14,745,1273,342
15,760,1348,352
15,775,1432,361
15,790,1384,351
15,805,1347,344
15,820,1407,356
15,835,1426,360
15,850,1357,350
14,864,1322,349
15,879,1375,353
14,893,1342,344
15,908,1332,342
15,923,1296,342
14,937,1360,350
15,952,1345,349
15,967,1273,340
14,981,1273,341
14,995,1287,347
14,1009,1231,338
14,1023,1209,338
15,1038,1254,347
15,1053,1268,346
15,1068,1253,343
14,1082,1249,340
15,1097,1268,345
15,1112,1240,341
15,1127,1274,346
15,1142,1319,353
15,1157,1317,355
15,1172,1237,340
15,1187,1185,334
15,1202,1234,339
15,1217,1264,344
14,1231,1304,353
15,1246,1274,346
15,1261,1300,355
15,1276,1321,358
15,1291,1333,361
15,1306,1316,355
15,1321,1277,349
15,1336,1272,349
14,1350,1262,350
15,1365,1317,360
15,1380,1302,356
15,1395,1293,350
14,1409,1280,346
14,1423,1294,350
15,1438,1303,352
14,1452,1290,349
14,1466,1288,350
14,1480,1311,352
14,1494,1339,356
15,1509,1255,343
14,1523,1233,342
15,1538,1267,351
14,1552,1223,342
15,1567,1243,343
14,1581,1224,339
14,1595,1235,342
14,1609,1247,343
15,1624,1244,341
14,1638,1304,352
15,1653,1328,357
15,1668,1325,355
14,1682,1280,348
14,1696,1258,345
15,1711,1345,355
15,1726,1340,354
14,1740,1372,360
15,1755,1399,365
15,1770,1388,359
15,1785,1410,362
15,1800,1382,356
15,1815,1365,355
15,1830,1360,350
15,1845,1346,351
15,1860,1332,348
15,1875,1339,354
15,1890,1335,353
16,1906,1274,343
14,1920,1313,344
15,1935,1374,359
15,1950,1406,361
15,1965,1398,356
14,1979,1305,341
14,1993,1374,349
15,2008,1342,347
15,2023,1289,339
15,2038,1264,341
15,2053,1295,343
14,2067,1237,332
15,2082,1226,333
14,2096,1255,337
15,2111,1267,338
15,2126,1238,335
15,2141,1275,338
14,2155,1277,339
15,2170,1296,341
14,2184,1246,335
15,2199,1267,340
14,2213,1276,346
14,2227,1349,353
14,2241,1314,348
15,2256,1327,347
14,2270,1271,342
14,2284,1259,336
15,2299,1338,348
14,2313,1348,346
14,2327,1372,349
15,2342,1409,356
15,2357,1370,355
15,2372,1311,346
14,2386,1282,343
14,2400,1315,347
15,2415,1298,343
14,2429,1264,336
14,2443,1260,339
14,2457,1267,341
14,2471,1255,338
14,2485,1274,345
14,2499,1243,341
15,2514,1251,342
15,2529,1254,343
14,2543,1228,336
14,2557,1198,334
15,2572,1210,336
15,2587,1273,343
15,2602,1288,342
15,2617,1236,335
15,2632,1183,330
14,2646,1208,335
15,2661,1199,335
15,2676,1192,332
15,2691,1213,335
14,2705,1239,338
15,2720,1255,337
15,2735,1229,336
15,2750,1172,326
15,2765,1217,334
15,2780,1188,330
14,2794,1239,340
15,2809,1231,336
15,2824,1251,337
15,2839,1247,339
15,2854,1225,336
15,2869,1215,334
14,2883,1262,340
15,2898,1263,337
14,2912,1288,343
14,2926,1267,334
15,2941,1208,326
15,2956,1238,333
15,2971,1287,339
14,2985,1250,331
15,3000,1291,340
15,3015,1257,334
14,3029,1218,329
15,3044,1226,335
15,3059,1206,330
15,3074,1203,330
14,3088,1232,336
14,3102,1204,329
16,3118,1185,326
14,3132,1246,341
14,3146,1274,342
15,3161,1259,342
15,3176,1187,326
15,3191,1239,339
15,3206,1238,338
14,3220,1249,343
14,3234,1195,330
15,3249,1181,329
15,3264,1203,333
15,3279,1176,332
15,3294,1283,348
14,3308,1362,357
15,3323,1377,356
15,3338,1319,347
15,3353,1243,336
14,3367,1241,336
15,3382,1323,344
14,3396,1380,355
15,3411,1348,350
15,3426,1295,337
14,3440,1274,335
15,3455,1227,330
15,3470,1203,327
14,3484,1247,336
14,3498,1234,335
14,3512,1308,345
15,3527,1296,344
14,3541,1301,345
15,3556,1296,345
15,3571,1310,346
15,3586,1349,353
15,3601,1328,353
15,3616,1301,348
14,3630,1293,345
14,3644,1330,351
15,3659,1320,351
14,3673,1287,348
15,3688,1318,353
15,3703,1306,350
14,3717,1281,348
15,3732,1254,341
14,3746,1253,342
15,3761,1226,337
15,3776,1292,346
15,3791,1391,357
14,3805,1347,352
15,3820,1326,348
15,3835,1340,350
15,3850,1348,352
15,3865,1348,354
15,3880,1363,353
14,3894,1380,360
14,3908,1390,361
15,3923,1356,355
15,3938,1401,359
15,3953,1393,359
15,3968,1335,350
15,3983,1341,354
15,3998,1328,349
15,4013,1404,361
15,4028,1419,361
15,4043,1439,360
14,4057,1406,356
15,4072,1375,356
15,4087,1392,355
14,4101,1400,356
15,4116,1378,352
15,4131,1302,345
15,4146,1303,348
15,4161,1310,351
15,4176,1289,348
15,4191,1358,360
14,4205,1369,360
15,4220,1370,359
15,4235,1319,353
14,4249,1299,347
15,4264,1328,348
15,4279,1320,345
14,4293,1278,343
15,4308,1252,338
14,4322,1211,331
15,4337,1231,336
14,4351,1240,337
15,4366,1290,345
15,4381,1274,342
15,4396,1318,350
15,4411,1282,343
15,4426,1319,348
15,4441,1330,349
15,4456,1342,345
14,4470,1361,348
15,4485,1297,340
15,4500,1319,345
15,4515,1291,344
14,4529,1298,344
15,4544,1330,350
14,4558,1306,348
15,4573,1292,347
15,4588,1307,347
15,4603,1357,355
15,4618,1351,358
15,4633,1329,357
15,4648,1275,345
15,4663,1282,346
15,4678,1340,354
15,4693,1369,354
15,4708,1354,350
15,4723,1357,352
14,4737,1356,356
14,4751,1334,350
15,4766,1307,350
15,4781,1313,350
15,4796,1350,359
15,4811,1332,356
14,4825,1279,346
15,4840,1300,352
15,4855,1344,353
15,4870,1342,354
15,4885,1292,348
15,4900,1261,342
16,4916,1242,345
15,4931,1242,344
14,4945,1280,345
14,4959,1292,347
14,4973,1208,335
15,4988,1183,330
14,5002,1232,340
15,5017,1302,350
15,5032,1269,343
14,5046,1301,350
15,5061,1326,356
15,5076,1302,355
15,5091,1292,353
15,5106,1298,356
15,5121,1287,353
15,5136,1334,364
15,5151,1263,354
15,5166,1346,371
15,5181,1343,364
15,5196,1346,361
15,5211,1333,361
15,5226,1306,356
15,5241,1242,347
15,5256,1233,347
15,5271,1212,344
15,5286,1236,349
14,5300,1228,345
15,5315,1185,338
15,5330,1140,333
14,5344,1235,348
15,5359,1261,350
15,5374,1223,345
15,5389,1221,345
15,5404,1233,347
14,5418,1205,343
15,5433,1225,342
14,5447,1206,339
15,5462,1279,349
14,5476,1276,348
14,5490,1273,348
14,5504,1218,338
15,5519,1252,344
14,5533,1340,355
15,5548,1300,349
15,5563,1259,344
15,5578,1259,347
15,5593,1327,356
14,5607,1361,360
14,5621,1352,357
15,5636,1315,351
14,5650,1317,353
14,5664,1250,340
15,5679,1248,337
15,5694,1218,332
15,5709,1249,331
14,5723,1267,334
15,5738,1298,340
15,5753,1268,339
15,5768,1323,347
15,5783,1392,355
15,5798,1391,354
15,5813,1332,347
15,5828,1325,342
15,5843,1285,339
14,5857,1254,335
14,5871,1240,331
14,5885,1224,330
14,5899,1260,333
14,5913,1259,334
14,5927,1277,338
14,5941,1228,329
14,5955,1182,322
15,5970,1278,335
14,5984,1229,332
14,5998,1210,327
15,6013,1237,332
15,6028,1207,329
14,6042,1215,332
15,6057,1191,327
15,6072,1157,323
14,6086,1203,330
15,6101,1263,340
15,6116,1250,333
15,6131,1207,326
15,6146,1195,330
15,6161,1166,329
14,6175,1206,335
15,6190,1222,338
14,6204,1206,333
14,6218,1246,340
15,6233,1241,339
14,6247,1233,333
15,6262,1171,324
14,6276,1179,325
14,6290,1235,334
14,6304,1217,331
15,6319,1232,335
14,6333,1224,331
14,6347,1244,337
15,6362,1216,332
15,6377,1219,330
15,6392,1263,341
14,6406,1242,335
14,6420,1213,335
15,6435,1231,341
15,6450,1189,331
15,6465,1227,336
15,6480,1231,337
14,6494,1161,327
14,6508,1151,323
14,6522,1180,327
14,6536,1219,333
15,6551,1239,336
15,6566,1267,338
15,6581,1269,339
15,6596,1307,343
14,6610,1351,353
15,6625,1312,346
14,6639,1329,350
15,6654,1374,357
14,6668,1351,353
15,6683,1345,349
15,6698,1277,344
15,6713,1310,350
14,6727,1299,348
15,6742,1315,346
15,6757,1345,353
14,6771,1340,352
14,6785,1320,348
14,6799,1255,340
15,6814,1348,358
15,6829,1324,356
14,6843,1295,351
15,6858,1309,355
14,6872,1334,356
15,6887,1299,353
15,6902,1283,350
15,6917,1261,348
15,6932,1263,351
15,6947,1290,352
14,6961,1257,348
14,6975,1277,351
15,6990,1307,355
15,7005,1319,358
14,7019,1352,360
15,7034,1318,354
15,7049,1334,355
14,7063,1341,357
15,7078,1331,357
15,7093,1372,362
14,7107,1343,354
15,7122,1346,354
15,7137,1337,352
15,7152,1377,357
15,7167,1351,352
15,7182,1310,348
14,7196,1325,347
15,7211,1332,349
14,7225,1324,349
15,7240,1365,356
15,7255,1351,355
15,7270,1402,363
15,7285,1361,353
15,7300,1388,358
15,7315,1330,348
14,7329,1317,347
14,7343,1308,343
16,7359,1335,350
15,7374,1402,359
14,7388,1337,350
14,7402,1306,343
14,7416,1311,346
15,7431,1319,349
14,7445,1357,351
14,7459,1360,347
15,7474,1373,351
15,7489,1408,353
14,7503,1418,356
15,7518,1374,351
15,7533,1366,350
15,7548,1360,351
15,7563,1371,354
15,7578,1351,351
15,7593,1395,356
15,7608,1361,351
15,7623,1344,350
16,7639,1368,354
14,7653,1318,345
15,7668,1332,347
14,7682,1345,349
15,7697,1425,364
15,7712,1379,353
14,7726,1388,357
15,7741,1361,358
15,7756,1366,356
15,7771,1329,352
15,7786,1361,356
15,7801,1369,357
15,7816,1285,342
15,7831,1296,344
15,7846,1315,343
14,7860,1332,345
15,7875,1303,342
14,7889,1367,345
15,7904,1359,346
14,7918,1395,352
15,7933,1398,350
15,7948,1304,336
15,7963,1300,340
15,7978,1352,350
15,7993,1363,355
15,8008,1302,343
14,8022,1324,345
15,8037,1415,360
15,8052,1364,350
15,8067,1350,351
14,8081,1364,350
15,8096,1330,345
14,8110,1321,342
15,8125,1280,336
15,8140,1290,338
15,8155,1296,341
14,8169,1294,342
14,8183,1292,341
15,8198,1346,350
14,8212,1386,356
15,8227,1368,350
15,8242,1361,350
14,8256,1363,354
15,8271,1422,366
14,8285,1385,358
15,8300,1306,347
15,8315,1251,342
15,8330,1302,348
15,8345,1297,349
15,8360,1274,346
15,8375,1243,339
15,8390,1227,338
15,8405,1314,348
15,8420,1354,351
15,8435,1387,352
15,8450,1380,352
15,8465,1364,351
14,8479,1347,345
14,8493,1334,342
15,8508,1363,349
15,8523,1395,358
15,8538,1403,358
15,8553,1374,353
15,8568,1383,359
15,8583,1404,361
15,8598,1410,358
15,8613,1404,356
15,8628,1395,355
15,8643,1387,356
15,8658,1373,358
15,8673,1279,346
15,8688,1341,359
15,8703,1344,355
14,8717,1276,344
15,8732,1315,352
15,8747,1299,354
15,8762,1292,352
15,8777,1324,358
14,8791,1349,357
14,8805,1279,349
15,8820,1244,342
15,8835,1202,338
15,8850,1261,346
15,8865,1317,355
15,8880,1246,346
15,8895,1193,337
15,8910,1173,332
15,8925,1210,343
14,8939,1218,342
14,8953,1196,339
14,8967,1170,335
15,8982,1269,348
15,8997,1295,347
15,9012,1230,336
15,9027,1258,342
15,9042,1261,346
15,9057,1244,342
14,9071,1237,340
15,9086,1212,335
14,9100,1185,332
14,9114,1232,339
15,9129,1264,342
14,9143,1216,334
14,9157,1224,335
14,9171,1253,345
15,9186,1200,337
14,9200,1178,335
15,9215,1197,337
14,9229,1195,340
14,9243,1133,331
14,9257,1141,333
15,9272,1134,329
15,9287,1108,325
14,9301,1116,328
15,9316,1174,337
14,9330,1176,334
15,9345,1171,334
14,9359,1219,340
15,9374,1186,334
15,9389,1168,329
14,9403,1127,324
15,9418,1237,338
16,9434,1220,333
14,9448,1229,334
14,9462,1175,325
15,9477,1182,333
14,9491,1252,340
14,9505,1244,332
14,9519,1186,326
15,9534,1171,327
14,9548,1203,331
14,9562,1247,337
14,9576,1217,332
15,9591,1216,332
14,9605,1191,326
14,9619,1194,328
15,9634,1206,329
15,9649,1195,326
14,9663,1215,330
14,9677,1200,328
15,9692,1220,330
14,9706,1223,329
15,9721,1218,329
14,9735,1206,330
14,9749,1296,340
14,9763,1275,337
14,9777,1271,339
15,9792,1222,330
15,9807,1253,337
14,9821,1260,339
14,9835,1277,340
14,9849,1310,342
14,9863,1278,338
15,9878,1323,342
15,9893,1344,345
15,9908,1321,341
15,9923,1310,341
15,9938,1338,345
14,9952,1395,349
15,9967,1419,356
14,9981,1373,352
15,9996,1349,352
15,10011,1374,355
15,10026,1319,347
15,10041,1252,339
14,10055,1213,331
15,10070,1284,344
15,10085,1311,349
15,10100,1290,345
15,10115,1297,346
14,10129,1285,344
15,10144,1343,355
15,10159,1320,352
15,10174,1362,355
15,10189,1335,351
14,10203,1301,345
15,10218,1328,349
15,10233,1315,348
15,10248,1297,345
14,10262,1316,348
14,10276,1326,348
16,10292,1366,354
15,10307,1377,355
15,10322,1403,361
15,10337,1415,360
15,10352,1415,357
15,10367,1376,349
15,10382,1372,349
15,10397,1417,357
15,10412,1429,360
15,10427,1406,357
14,10441,1380,352
15,10456,1397,358
14,10470,1347,349
15,10485,1387,356
14,10499,1388,353
14,10513,1329,346
15,10528,1324,350
14,10542,1357,351
14,10556,1384,359
15,10571,1346,350
14,10585,1334,349
15,10600,1360,355
15,10615,1372,357
14,10629,1375,356
15,10644,1367,359
15,10659,1315,348
15,10674,1339,355
14,10688,1331,354
15,10703,1255,344
15,10718,1270,346
15,10733,1367,359
15,10748,1381,360
15,10763,1344,349
15,10778,1351,353
15,10793,1361,353
15,10808,1322,351
15,10823,1314,349
15,10838,1350,353
15,10853,1343,350
15,10868,1355,352
14,10882,1479,368
15,10897,1441,362
15,10912,1387,352
15,10927,1419,357
15,10942,1396,355
14,10956,1372,351
15,10971,1362,350
15,10986,1344,347
15,11001,1338,348
15,11016,1436,367
15,11031,1434,369
15,11046,1363,356
15,11061,1376,358
15,11076,1388,357
15,11091,1343,353
14,11105,1312,349
15,11120,1390,361
15,11135,1352,356
14,11149,1374,359
15,11164,1384,360
14,11178,1398,358
15,11193,1394,359
15,11208,1361,355
15,11223,1336,350
15,11238,1270,341
14,11252,1277,344
15,11267,1299,346
15,11282,1314,351
15,11297,1354,353
15,11312,1333,351
15,11327,1356,352
15,11342,1384,358
15,11357,1350,350
15,11372,1317,349
15,11387,1333,348
15,11402,1380,357
15,11417,1380,356
14,11431,1334,351
15,11446,1312,350
15,11461,1335,354
15,11476,1443,365
15,11491,1456,365
15,11506,1435,364
15,11521,1379,359
15,11536,1312,348
15,11551,1305,346
14,11565,1376,353
16,11581,1369,351
15,11596,1298,343
15,11611,1232,333
15,11626,1279,342
15,11641,1332,345
15,11656,1323,344
15,11671,1333,344
15,11686,1376,351
15,11701,1337,342
15,11716,1357,342
15,11731,1333,342
15,11746,1337,343
15,11761,1349,345
14,11775,1324,341
14,11789,1331,337
15,11804,1360,343
15,11819,1363,342
14,11833,1410,348
15,11848,1386,348
15,11863,1395,345
15,11878,1409,345
14,11892,1385,344
14,11906,1367,343
15,11921,1334,341
14,11935,1386,348
14,11949,1403,350
14,11963,1354,346
14,11977,1327,342
14,11991,1384,351
14,12005,1291,339
15,12020,1329,347
15,12035,1312,344
14,12049,1290,342
15,12064,1298,343
15,12079,1270,337
15,12094,1264,336
14,12108,1251,335
15,12123,1266,335
14,12137,1307,348
14,12151,1257,339
15,12166,1280,340
15,12181,1229,333
14,12195,1183,331
15,12210,1230,339
15,12225,1294,346
15,12240,1226,336
15,12255,1231,335
14,12269,1198,330
14,12283,1199,334
14,12297,1188,330
14,12311,1189,330
15,12326,1201,334
15,12341,1230,341
15,12356,1181,332
15,12371,1203,335
15,12386,1190,335
15,12401,1216,335
15,12416,1262,342
15,12431,1353,352
15,12446,1309,344
15,12461,1301,338
14,12475,1310,339
15,12490,1240,333
15,12505,1211,320
14,12519,1223,323
15,12534,1274,330
15,12549,1261,329
15,12564,1324,336
15,12579,1256,330
14,12593,1257,334
15,12608,1241,333
14,12622,1227,336
15,12637,1174,325
15,12652,1174,329
15,12667,1160,328
14,12681,1154,325
14,12695,1167,326
14,12709,1203,332
14,12723,1154,323
14,12737,1155,325
14,12751,1186,332
15,12766,1200,330
15,12781,1225,336
14,12795,1242,339
14,12809,1205,332
15,12824,1196,330
15,12839,1280,346
15,12854,1270,346
14,12868,1239,339
15,12883,1269,344
15,12898,1235,339
14,12912,1176,326
15,12927,1238,339
15,12942,1273,340
14,12956,1250,338
15,12971,1277,343
15,12986,1246,335
15,13001,1280,343
14,13015,1243,338
15,13030,1202,332
15,13045,1216,335
15,13060,1256,342
15,13075,1253,342
15,13090,1296,350
15,13105,1333,356
14,13119,1306,350
14,13133,1284,343
14,13147,1272,342
15,13162,1260,337
15,13177,1263,337
14,13191,1215,328
14,13205,1202,324
15,13220,1224,327
15,13235,1305,342
15,13250,1313,341
15,13265,1333,345
14,13279,1323,347
15,13294,1304,344
14,13308,1291,343
15,13323,1308,342
14,13337,1284,340
14,13351,1317,345
15,13366,1408,355
14,13380,1390,355
15,13395,1340,349
14,13409,1347,353
15,13424,1321,349
16,13440,1392,360
15,13455,1409,367
14,13469,1357,357
14,13483,1289,348
15,13498,1290,349
15,13513,1341,358
15,13528,1367,358
14,13542,1446,369
15,13557,1392,358
15,13572,1498,372
15,13587,1458,366
15,13602,1390,357
15,13617,1420,358
14,13631,1412,355
15,13646,1377,351
15,13661,1399,360
15,13676,1335,349
15,13691,1309,347
15,13706,1406,361
14,13720,1410,358
14,13734,1316,341
14,13748,1337,351
14,13762,1317,349
15,13777,1288,343
14,13791,1321,348
15,13806,1363,358
15,13821,1306,346
15,13836,1255,341
15,13851,1284,342
15,13866,1308,349
15,13881,1303,347
15,13896,1318,351
15,13911,1308,348
15,13926,1269,338
14,13940,1276,340
15,13955,1291,342
15,13970,1277,339
15,13985,1381,355
15,14000,1401,358
14,14014,1320,347
15,14029,1310,343
14,14043,1289,344
14,14057,1288,341
14,14071,1300,347
14,14085,1333,350
15,14100,1328,348
15,14115,1435,361
15,14130,1451,364
15,14145,1416,356
15,14160,1340,344
15,14175,1308,343
15,14190,1333,349
15,14205,1338,354
15,14220,1337,355
15,14235,1305,348
14,14249,1301,345
14,14263,1331,350
15,14278,1286,341
15,14293,1362,354
15,14308,1380,356
14,14322,1411,364
16,14338,1479,371
15,14353,1425,359
15,14368,1344,354
15,14383,1322,350
15,14398,1305,349
15,14413,1353,356
14,14427,1343,355
14,14441,1312,349
15,14456,1279,344
15,14471,1277,341
14,14485,1334,351
15,14500,1400,361
15,14515,1373,352
14,14529,1365,352
15,14544,1357,350
15,14559,1370,346
15,14574,1399,352
15,14589,1392,354
15,14604,1406,353
15,14619,1427,360
16,14635,1418,360
14,14649,1337,348
14,14663,1336,347
14,14677,1328,349
14,14691,1338,352
15,14706,1356,359
15,14721,1324,356
15,14736,1267,348
16,14752,1246,346
15,14767,1301,354
15,14782,1277,350
15,14797,1261,349
15,14812,1270,352
14,14826,1278,353
14,14840,1303,356
15,14855,1300,354
14,14869,1276,345
15,14884,1267,347
14,14898,1297,352
15,14913,1291,349
15,14928,1309,355
15,14943,1308,354
15,14958,1290,350
15,14973,1287,345
15,14988,1288,349
14,15002,1252,339
14,15016,1261,342
15,15031,1305,350
15,15046,1247,338
15,15061,1263,338
14,15075,1246,337
14,15089,1276,343
15,15104,1303,348
14,15118,1292,345
14,15132,1238,341
15,15147,1255,344
15,15162,1278,348
15,15177,1295,352
15,15192,1305,353
15,15207,1321,353
15,15222,1303,347
15,15237,1312,349
15,15252,1297,348
15,15267,1311,351
15,15282,1387,360
14,15296,1308,350
15,15311,1335,355
15,15326,1380,361
15,15341,1345,354
15,15356,1287,348
14,15370,1349,356
15,15385,1339,354
15,15400,1366,354
14,15414,1324,349
15,15429,1283,345
15,15444,1263,342
15,15459,1275,345
15,15474,1308,350
15,15489,1315,352
15,15504,1289,347
15,15519,1247,341
14,15533,1279,342
15,15548,1292,345
15,15563,1246,339
15,15578,1199,334
15,15593,1186,332
14,15607,1318,353
14,15621,1308,352
15,15636,1231,341
14,15650,1228,338
15,15665,1139,325
15,15680,1137,327
14,15694,1139,329
14,15708,1146,330
15,15723,1115,324
14,15737,1142,328
15,15752,1201,339
15,15767,1214,343
14,15781,1190,338
14,15795,1135,327
14,15809,1134,329
15,15824,1124,331
14,15838,1156,335
15,15853,1164,333
14,15867,1184,333
15,15882,1181,330
14,15896,1203,335
15,15911,1185,328
15,15926,1164,326
14,15940,1155,326
14,15954,1147,325
15,15969,1198,331
14,15983,1171,328
14,15997,1172,328
15,16012,1200,329
14,16026,1185,327
15,16041,1165,331
14,16055,1162,329
14,16069,1207,337
15,16084,1258,348
15,16099,1158,330
15,16114,1115,325
14,16128,1159,334
15,16143,1202,339
15,16158,1178,332
15,16173,1221,340
15,16188,1284,348
14,16202,1197,335
15,16217,1224,338
14,16231,1230,339
14,16245,1206,337
14,16259,1133,329
15,16274,1097,325
14,16288,1109,329
15,16303,1124,332
15,16318,1182,338
14,16332,1181,339
15,16347,1232,348
15,16362,1214,344
15,16377,1246,347
14,16391,1197,343
14,16405,1176,337
14,16419,1160,332
15,16434,1152,333
14,16448,1174,335
14,16462,1178,335
15,16477,1211,339
15,16492,1261,343
15,16507,1281,348
15,16522,1246,342
15,16537,1252,340
14,16551,1265,344
15,16566,1278,347
15,16581,1278,345
14,16595,1236,345
15,16610,1244,344
14,16624,1246,344
15,16639,1209,339
15,16654,1241,343
14,16668,1244,343
14,16682,1273,344
15,16697,1341,356
15,16712,1327,356
15,16727,1329,354
15,16742,1295,350
15,16757,1253,345
15,16772,1251,344
15,16787,1256,348
14,16801,1282,348
14,16815,1256,344
15,16830,1269,347
14,16844,1298,351
14,16858,1244,346
15,16873,1228,341
15,16888,1257,345
15,16903,1265,340
14,16917,1268,342
15,16932,1293,343
14,16946,1284,340
14,16960,1275,341
14,16974,1234,336
15,16989,1264,339
15,17004,1274,346
15,17019,1300,352
15,17034,1304,353
15,17049,1281,350
15,17064,1250,345
15,17079,1319,355
14,17093,1293,347
15,17108,1290,346
15,17123,1276,341
15,17138,1237,337
14,17152,1217,337
14,17166,1271,344
15,17181,1288,348
15,17196,1277,345
15,17211,1262,340
15,17226,1259,340
14,17240,1262,342
15,17255,1310,347
15,17270,1318,348
15,17285,1316,346
14,17299,1323,346
14,17313,1319,347
15,17328,1310,346
15,17343,1291,346
15,17358,1307,346
15,17373,1268,340
15,17388,1300,345
15,17403,1277,345
15,17418,1295,350
15,17433,1305,349
14,17447,1283,346
15,17462,1240,342
14,17476,1217,336
15,17491,1300,352
16,17507,1366,359
15,17522,1263,342
15,17537,1151,325
14,17551,1162,330
14,17565,1286,348
15,17580,1368,361
15,17595,1305,352
15,17610,1277,344
15,17625,1256,342
15,17640,1258,343
15,17655,1298,347
16,17671,1265,341
14,17685,1217,336
15,17700,1210,337
14,17714,1258,344
15,17729,1288,349
15,17744,1288,344
14,17758,1301,348
15,17773,1284,341
14,17787,1256,338
14,17801,1313,347
15,17816,1317,349
14,17830,1325,348
14,17844,1355,349
15,17859,1344,347
14,17873,1328,345
14,17887,1348,353
15,17902,1305,348
15,17917,1292,345
15,17932,1295,344
14,17946,1347,353
14,17960,1360,355
14,17974,1330,353
14,17988,1341,354
15,18003,1290,346
15,18018,1299,348
15,18033,1349,357
15,18048,1303,347
15,18063,1320,350
15,18078,1342,355
14,18092,1342,355
15,18107,1289,350
15,18122,1250,347
15,18137,1275,352
14,18151,1323,360
15,18166,1327,364
15,18181,1302,354
15,18196,1347,360
15,18211,1309,353
14,18225,1253,340
15,18240,1243,339
15,18255,1225,338
15,18270,1172,330
15,18285,1202,340
15,18300,1176,336
15,18315,1232,344
14,18329,1274,350
15,18344,1278,349
15,18359,1257,344
15,18374,1250,345
14,18388,1283,351
15,18403,1248,344
15,18418,1280,346
14,18432,1376,357
15,18447,1309,347
15,18462,1299,344
15,18477,1342,350
15,18492,1298,346
15,18507,1267,345
15,18522,1263,348
15,18537,1230,343
15,18552,1257,348
15,18567,1330,359
14,18581,1211,337
15,18596,1185,336
15,18611,1227,343
14,18625,1265,345
15,18640,1287,351
14,18654,1288,350
14,18668,1255,345
15,18683,1273,347
15,18698,1309,349
15,18713,1303,348
15,18728,1243,339
15,18743,1205,332
14,18757,1200,334
15,18772,1204,334
15,18787,1237,338
15,18802,1247,342
15,18817,1239,339
15,18832,1252,340
14,18846,1246,338
15,18861,1252,338
15,18876,1249,340
14,18890,1259,344
15,18905,1261,345
14,18919,1254,337
15,18934,1266,341
14,18948,1217,334
14,18962,1214,338
14,18976,1156,328
14,18990,1143,326
14,19004,1198,335
14,19018,1271,345
15,19033,1269,347
15,19048,1229,337
15,19063,1216,335
15,19078,1234,340
14,19092,1267,342
14,19106,1233,339
15,19121,1182,329
14,19135,1161,329
14,19149,1138,323
15,19164,1175,329
15,19179,1212,337
14,19193,1195,334
15,19208,1160,331
14,19222,1183,334
15,19237,1163,331
14,19251,1127,322
15,19266,1183,332
15,19281,1203,332
14,19295,1203,333
14,19309,1189,334
14,19323,1221,337
15,19338,1193,335
15,19353,1208,337
14,19367,1184,333
15,19382,1224,338
15,19397,1272,346
15,19412,1178,330
17,19429,1183,337
15,19444,1188,338
14,19458,1144,327
15,19473,1147,329
15,19488,1178,331
15,19503,1120,322
14,19517,1177,333
14,19531,1207,336
15,19546,1245,341
14,19560,1232,339
15,19575,1211,335
15,19590,1253,341
14,19604,1176,331
14,19618,1234,341
14,19632,1216,339
15,19647,1251,343
15,19662,1241,341
14,19676,1239,337
14,19690,1236,335
15,19705,1285,346
15,19720,1274,345
15,19735,1244,343
15,19750,1218,336
15,19765,1252,341
14,19779,1254,343
15,19794,1308,350
15,19809,1292,345
15,19824,1287,346
15,19839,1318,354
14,19853,1307,350
15,19868,1287,344
15,19883,1277,344
15,19898,1220,334
14,19912,1210,334
15,19927,1249,344
15,19942,1289,348
14,19956,1246,343
14,19970,1238,338
14,19984,1287,348
15,19999,1308,349
15,20014,1245,339
15,20029,1265,343
15,20044,1299,345
14,20058,1326,348
15,20073,1338,348
15,20088,1296,344
15,20103,1266,340
14,20117,1234,336
14,20131,1277,343
15,20146,1392,359
15,20161,1396,357
15,20176,1361,349
15,20191,1327,342
15,20206,1304,343
14,20220,1316,341
14,20234,1336,344
14,20248,1373,351
15,20263,1421,360
15,20278,1420,359
14,20292,1412,356
15,20307,1340,347
15,20322,1334,347
15,20337,1363,354
15,20352,1369,351
14,20366,1356,350
15,20381,1325,346
14,20395,1355,351
14,20409,1355,354
14,20423,1351,353
14,20437,1363,357
15,20452,1344,354
15,20467,1308,348
14,20481,1317,347
15,20496,1322,350
15,20511,1373,355
15,20526,1372,351
15,20541,1383,355
14,20555,1373,357
14,20569,1382,361
15,20584,1449,368
15,20599,1418,362
15,20614,1361,352
15,20629,1351,354
15,20644,1297,349
15,20659,1321,355
15,20674,1308,350
15,20689,1305,349
15,20704,1273,345
15,20719,1263,346
15,20734,1261,341
15,20749,1225,336
15,20764,1213,340
15,20779,1191,334
15,20794,1211,336
15,20809,1231,338
15,20824,1256,341
15,20839,1335,352
15,20854,1347,358
15,20869,1318,351
14,20883,1270,346
15,20898,1258,343
15,20913,1284,345
15,20928,1261,341
15,20943,1317,354
15,20958,1282,347
15,20973,1249,341
15,20988,1269,345
15,21003,1327,351
15,21018,1369,359
15,21033,1257,344
15,21048,1223,342
15,21063,1249,349
15,21078,1278,349
15,21093,1319,356
15,21108,1322,353
14,21122,1275,347
15,21137,1277,349
14,21151,1254,347
15,21166,1353,362
14,21180,1350,362
15,21195,1383,368
15,21210,1343,363
15,21225,1324,358
15,21240,1384,365
15,21255,1357,360
15,21270,1293,349
15,21285,1323,356
15,21300,1289,350
16,21316,1308,353
15,21331,1339,357
15,21346,1401,366
15,21361,1373,361
14,21375,1334,354
15,21390,1379,362
15,21405,1299,348
14,21419,1261,341
15,21434,1260,344
14,21448,1257,344
14,21462,1254,342
14,21476,1246,342
14,21490,1281,346
15,21505,1258,342
15,21520,1236,340
14,21534,1240,343
15,21549,1299,349
15,21564,1283,347
15,21579,1257,340
15,21594,1215,334
15,21609,1260,342
15,21624,1264,344
15,21639,1271,344
15,21654,1251,339
14,21668,1281,343
15,21683,1224,338
15,21698,1295,347
14,21712,1285,346
14,21726,1254,340
14,21740,1193,335
14,21754,1244,346
15,21769,1236,343
14,21783,1230,342
15,21798,1252,345
15,21813,1264,347
14,21827,1264,346
14,21841,1201,339
15,21856,1215,339
15,21871,1195,336
15,21886,1211,337
15,21901,1242,342
14,21915,1251,345
15,21930,1257,346
15,21945,1230,339
15,21960,1266,347
15,21975,1319,354
15,21990,1326,352
15,22005,1246,340
15,22020,1208,337
14,22034,1231,338
15,22049,1205,336
15,22064,1187,335
15,22079,1218,341
15,22094,1249,343
15,22109,1240,341
15,22124,1191,333
15,22139,1166,331
14,22153,1177,334
14,22167,1233,337
14,22181,1305,347
14,22195,1222,336
14,22209,1248,340
15,22224,1179,330
14,22238,1156,323
15,22253,1221,335
14,22267,1205,331
14,22281,1196,332
14,22295,1209,335
15,22310,1239,339
14,22324,1279,342
15,22339,1255,336
15,22354,1270,339
15,22369,1285,342
15,22384,1306,344
14,22398,1247,336
14,22412,1254,335
14,22426,1289,343
15,22441,1235,336
14,22455,1207,331
15,22470,1208,335
15,22485,1214,335
14,22499,1163,323
14,22513,1200,329
15,22528,1273,339
15,22543,1247,336
15,22558,1200,331
14,22572,1206,331
15,22587,1165,328
14,22601,1175,331
15,22616,1182,331
14,22630,1192,331
14,22644,1172,328
14,22658,1155,325
14,22672,1158,328
15,22687,1198,335
15,22702,1239,344
16,22718,1260,342
15,22733,1207,335
14,22747,1285,348
14,22761,1289,351
15,22776,1269,347
15,22791,1242,344
15,22806,1221,342
15,22821,1231,341
15,22836,1192,336
15,22851,1192,334
15,22866,1276,344
15,22881,1248,340
15,22896,1286,345
15,22911,1301,347
14,22925,1279,340
15,22940,1292,344
15,22955,1436,365
14,22969,1361,353
15,22984,1311,347
15,22999,1307,345
15,23014,1306,345
15,23029,1287,341
14,23043,1342,347
14,23057,1327,348
14,23071,1311,347
14,23085,1306,347
15,23100,1295,347
14,23114,1268,344
15,23129,1294,351
15,23144,1278,347
15,23159,1245,342
15,23174,1289,346
15,23189,1352,357
15,23204,1419,362
15,23219,1364,356
14,23233,1279,342
14,23247,1236,336
15,23262,1254,341
14,23276,1250,342
15,23291,1293,348
15,23306,1247,343
15,23321,1244,343
14,23335,1251,346
15,23350,1274,346
14,23364,1249,346
15,23379,1264,347
14,23393,1243,342
14,23407,1224,342
15,23422,1250,347
15,23437,1219,338
15,23452,1215,338
15,23467,1204,338
15,23482,1212,341
15,23497,1259,347
14,23511,1280,351
14,23525,1221,339
15,23540,1288,352
15,23555,1367,364
15,23570,1376,363
15,23585,1282,348
15,23600,1315,351
15,23615,1307,352
15,23630,1296,350
14,23644,1248,343
14,23658,1273,347
15,23673,1269,348
15,23688,1249,343
15,23703,1271,345
15,23718,1307,352
15,23733,1259,342
15,23748,1333,353
15,23763,1345,356
14,23777,1290,348
14,23791,1258,344
15,23806,1251,343
14,23820,1289,347
15,23835,1305,352
15,23850,1333,357
15,23865,1321,353
15,23880,1281,347
14,23894,1316,352
15,23909,1337,355
15,23924,1309,348
15,23939,1424,364
15,23954,1403,356
15,23969,1375,352
14,23983,1341,347
14,23997,1404,360
15,24012,1357,351
14,24026,1314,342
15,24041,1295,341
15,24056,1278,340
14,24070,1260,333
15,24085,1285,337
14,24099,1335,347
15,24114,1404,356
15,24129,1395,349
15,24144,1349,342
15,24159,1353,348
15,24174,1284,340
15,24189,1308,345
15,24204,1339,350
15,24219,1313,345
15,24234,1344,350
15,24249,1399,360
15,24264,1365,357
15,24279,1390,362
15,24294,1316,350
15,24309,1381,359
15,24324,1393,361
15,24339,1390,358
14,24353,1331,350
15,24368,1276,344
14,24382,1318,352
14,24396,1389,361
15,24411,1348,354
15,24426,1322,348
15,24441,1289,347
14,24455,1295,346
14,24469,1272,344
14,24483,1294,351
14,24497,1334,353
14,24511,1291,344
15,24526,1267,341
14,24540,1291,350
15,24555,1277,346
14,24569,1258,347
14,24583,1233,343
14,24597,1268,345
14,24611,1216,338
15,24626,1222,340
15,24641,1218,338
15,24656,1240,342
14,24670,1288,350
15,24685,1286,346
15,24700,1245,339
15,24715,1268,345
15,24730,1303,349
15,24745,1261,341
15,24760,1284,348
15,24775,1291,344
15,24790,1222,337
15,24805,1278,344
15,24820,1248,340
15,24835,1258,341
14,24849,1222,338
15,24864,1223,338
15,24879,1270,348
14,24893,1281,348
14,24907,1312,347
15,24922,1256,336
15,24937,1251,336
15,24952,1275,343
15,24967,1320,348
15,24982,1342,349
15,24997,1313,342
15,25012,1371,347
15,25027,1400,354
15,25042,1393,353
15,25057,1354,348
14,25071,1301,341
15,25086,1302,341
16,25102,1322,348
15,25117,1292,344
14,25131,1263,338
15,25146,1267,343
14,25160,1275,341
15,25175,1297,345
15,25190,1269,343
15,25205,1332,347
15,25220,1342,350
14,25234,1354,348
15,25249,1299,340
15,25264,1227,331
14,25278,1235,337
15,25293,1295,348
15,25308,1287,343
15,25323,1258,340
14,25337,1231,337
15,25352,1233,336
15,25367,1202,329
15,25382,1190,324
14,25396,1176,325
15,25411,1243,339
15,25426,1260,343
15,25441,1223,338
15,25456,1199,330
15,25471,1172,328
14,25485,1154,326
14,25499,1182,332
14,25513,1198,333
14,25527,1172,331
15,25542,1171,330
15,25557,1140,325
15,25572,1128,325
15,25587,1145,327
15,25602,1192,335
14,25616,1186,329
14,25630,1135,322
14,25644,1180,330
15,25659,1178,329
15,25674,1223,335
15,25689,1227,337
14,25703,1275,341
14,25717,1216,334
15,25732,1188,330
14,25746,1220,336
14,25760,1177,329
15,25775,1213,335
15,25790,1208,338
15,25805,1199,335
14,25819,1254,343
15,25834,1209,333
14,25848,1181,332
14,25862,1135,328
14,25876,1204,339
14,25890,1218,339
15,25905,1227,338
14,25919,1226,338
14,25933,1165,328
15,25948,1253,344
14,25962,1276,346
15,25977,1259,340
16,25993,1316,350
15,26008,1320,349
15,26023,1291,345
15,26038,1252,339
15,26053,1185,330
15,26068,1151,325
14,26082,1168,330
15,26097,1192,333
14,26111,1176,329
15,26126,1234,340
15,26141,1236,340
15,26156,1239,338
14,26170,1230,339
14,26184,1233,341
14,26198,1263,347
15,26213,1270,345
15,26228,1267,346
14,26242,1259,348
14,26256,1201,338
14,26270,1146,329
14,26284,1160,331
14,26298,1209,340
15,26313,1230,343
15,26328,1276,348
14,26342,1270,342
14,26356,1267,341
14,26370,1278,342
15,26385,1322,350
15,26400,1423,364
15,26415,1430,361
15,26430,1380,350
15,26445,1336,341
14,26459,1333,344
14,26473,1338,349
14,26487,1372,351
15,26502,1377,353
15,26517,1379,353
15,26532,1366,349
15,26547,1342,343
15,26562,1312,344
15,26577,1283,339
14,26591,1325,348
15,26606,1305,347
15,26621,1312,351
15,26636,1308,354
15,26651,1303,354
15,26666,1357,363
15,26681,1410,369
14,26695,1364,357
15,26710,1411,362
15,26725,1376,358
16,26741,1381,358
16,26757,1415,363
15,26772,1395,358
14,26786,1382,358
14,26800,1376,356
15,26815,1355,351
15,26830,1386,355
15,26845,1338,348
15,26860,1292,340
15,26875,1343,350
15,26890,1354,352
15,26905,1287,346
15,26920,1284,347
15,26935,1351,357
15,26950,1348,360
14,26964,1329,353
14,26978,1342,357
14,26992,1311,351
15,27007,1288,344
15,27022,1293,344
15,27037,1265,344
14,27051,1279,344
15,27066,1256,338
15,27081,1301,347
15,27096,1309,347
14,27110,1295,342
15,27125,1318,348
15,27140,1300,347
14,27154,1264,336
14,27168,1229,333
14,27182,1264,342
15,27197,1289,346
15,27212,1376,360
15,27227,1405,365
15,27242,1325,353
15,27257,1260,342
15,27272,1286,340
15,27287,1257,337
14,27301,1280,339
15,27316,1332,350
15,27331,1358,355
15,27346,1333,353
15,27361,1363,360
14,27375,1286,347
15,27390,1281,348
15,27405,1267,344
15,27420,1224,339
14,27434,1233,341
15,27449,1298,353
15,27464,1313,354
15,27479,1308,350
14,27493,1300,348
14,27507,1251,342
15,27522,1223,337
15,27537,1214,338
14,27551,1237,343
15,27566,1303,353
16,27582,1297,353
15,27597,1275,351
15,27612,1250,347
15,27627,1254,351
14,27641,1205,341
15,27656,1193,338
15,27671,1186,338
15,27686,1241,348
15,27701,1222,346
15,27716,1243,350
15,27731,1280,357
15,27746,1255,350
15,27761,1311,360
15,27776,1300,356
16,27792,1278,352
15,27807,1288,352
15,27822,1257,346
15,27837,1333,357
15,27852,1329,356
15,27867,1306,351
15,27882,1273,344
14,27896,1343,358
16,27912,1350,355
15,27927,1313,353
15,27942,1290,349
15,27957,1247,340
15,27972,1277,345
15,27987,1366,358
15,28002,1462,370
15,28017,1390,358
15,28032,1313,347
14,28046,1274,345
14,28060,1258,343
15,28075,1309,348
15,28090,1252,338
15,28105,1296,344
15,28120,1355,354
15,28135,1322,347
15,28150,1319,346
14,28164,1305,347
14,28178,1279,343
15,28193,1230,337
15,28208,1259,341
14,28222,1285,344
15,28237,1292,345
14,28251,1333,350
14,28265,1405,358
14,28279,1373,353
14,28293,1348,352
15,28308,1357,349
14,28322,1369,352
14,28336,1332,350
15,28351,1316,346
15,28366,1283,347
15,28381,1321,353
14,28395,1352,352
15,28410,1336,352
14,28424,1288,345
14,28438,1262,342
15,28453,1246,337
15,28468,1270,343
14,28482,1307,346
15,28497,1353,355
15,28512,1300,342
15,28527,1287,344
15,28542,1256,336
14,28556,1273,338
14,28570,1321,344
15,28585,1320,343
15,28600,1313,342
14,28614,1271,334
15,28629,1220,330
15,28644,1268,340
15,28659,1333,348
15,28674,1310,341
15,28689,1263,333
15,28704,1299,341
14,28718,1233,333
14,28732,1304,349
15,28747,1328,353
14,28761,1241,340
15,28776,1226,333
15,28791,1214,332
15,28806,1262,338
15,28821,1241,334
14,28835,1239,331
14,28849,1263,336
14,28863,1260,333
14,28877,1246,330
14,28891,1274,335
14,28905,1290,338
15,28920,1289,340
14,28934,1266,332
15,28949,1257,328
15,28964,1324,337
14,28978,1298,336
15,28993,1291,334
15,29008,1339,340
14,29022,1269,330
14,29036,1268,331
15,29051,1297,341
15,29066,1332,345
15,29081,1286,338
15,29096,1304,341
14,29110,1263,338
14,29124,1279,342
14,29138,1215,332
15,29153,1200,330
14,29167,1210,334
15,29182,1269,339
15,29197,1241,337
14,29211,1179,325
14,29225,1209,330
14,29239,1230,336
15,29254,1297,344
14,29268,1345,351
15,29283,1253,336
15,29298,1283,339
15,29313,1290,342
15,29328,1246,339
14,29342,1206,336
14,29356,1237,339
15,29371,1255,342
15,29386,1237,339
14,29400,1274,343
14,29414,1289,345
14,29428,1257,339
15,29443,1223,335
15,29458,1194,330
14,29472,1222,337
15,29487,1259,338
15,29502,1239,335
15,29517,1235,334
15,29532,1220,334
14,29546,1243,337
15,29561,1304,350
15,29576,1311,353
15,29591,1326,357
14,29605,1242,339
15,29620,1189,333
15,29635,1218,338
15,29650,1231,339
14,29664,1222,334
14,29678,1255,340
15,29693,1291,347
15,29708,1338,352
15,29723,1350,356
15,29738,1308,349
14,29752,1277,344
14,29766,1296,348
15,29781,1308,351
15,29796,1307,353
15,29811,1301,350
14,29825,1310,353
16,29841,1388,366
15,29856,1378,363
14,29870,1278,347
15,29885,1270,342
14,29899,1337,353
15,29914,1335,352
14,29928,1327,347
14,29942,1390,353
14,29956,1380,351
14,29970,1393,354
15,29985,1381,351
15,30000,1424,359
15,30015,1431,356
15,30030,1390,352
15,30045,1348,349
15,30060,1335,349
15,30075,1298,345
15,30090,1282,344
15,30105,1265,346
15,30120,1308,355
15,30135,1292,352
14,30149,1329,359
15,30164,1351,363
15,30179,1376,364
14,30193,1286,350
15,30208,1280,350
15,30223,1290,351
14,30237,1234,339
15,30252,1286,346
14,30266,1314,354
15,30281,1340,356
15,30296,1326,351
15,30311,1312,352
15,30326,1302,349
14,30340,1267,346
14,30354,1297,350
15,30369,1341,355
14,30383,1290,346
15,30398,1274,348
14,30412,1265,347
15,30427,1254,341
14,30441,1250,345
15,30456,1244,345
14,30470,1234,342
15,30485,1210,339
15,30500,1253,348
15,30515,1251,348
15,30530,1257,349
14,30544,1253,344
14,30558,1244,345
15,30573,1229,343
15,30588,1258,350
15,30603,1345,361
14,30617,1359,359
15,30632,1284,348
14,30646,1259,346
15,30661,1297,352
14,30675,1302,352
15,30690,1280,347
14,30704,1264,345
14,30718,1281,347
15,30733,1322,354
15,30748,1351,358
15,30763,1352,357
15,30778,1335,354
15,30793,1406,368
15,30808,1378,364
15,30823,1357,361
14,30837,1320,357
15,30852,1297,354
14,30866,1285,353
14,30880,1284,351
15,30895,1248,344
14,30909,1192,337
14,30923,1219,341
14,30937,1257,345
15,30952,1222,339
15,30967,1235,342
14,30981,1332,358
15,30996,1375,364
15,31011,1338,354
14,31025,1351,357
15,31040,1322,353
15,31055,1336,359
15,31070,1369,361
15,31085,1312,351
15,31100,1277,344
15,31115,1332,351
15,31130,1320,352
15,31145,1336,349
14,31159,1320,347
14,31173,1347,355
14,31187,1295,351
14,31201,1295,346
15,31216,1281,346
14,31230,1346,352
14,31244,1271,342
14,31258,1262,342
14,31272,1285,347
15,31287,1294,348
15,31302,1302,348
14,31316,1290,344
15,31331,1268,341
15,31346,1319,350
14,31360,1382,357
15,31375,1400,362
15,31390,1305,348
14,31404,1285,350
15,31419,1278,348
15,31434,1229,338
15,31449,1261,347
14,31463,1264,345
15,31478,1322,351
15,31493,1424,365
15,31508,1415,366
15,31523,1354,357
15,31538,1328,350
15,31553,1288,346
15,31568,1263,341
15,31583,1324,350
15,31598,1326,352
14,31612,1260,340
15,31627,1220,338
15,31642,1198,333
15,31657,1260,343
14,31671,1238,337
15,31686,1288,346
15,31701,1272,345
15,31716,1293,350
15,31731,1253,344
15,31746,1261,347
15,31761,1263,345
15,31776,1231,341
15,31791,1222,339
15,31806,1202,337
15,31821,1249,345
15,31836,1224,339
15,31851,1210,342
15,31866,1217,341
15,31881,1276,347
15,31896,1249,344
15,31911,1283,346
14,31925,1283,343
15,31940,1262,344
15,31955,1322,350
15,31970,1270,342
15,31985,1252,341
15,32000,1228,340
14,32014,1213,338
15,32029,1230,342
14,32043,1258,347
15,32058,1251,349
15,32073,1267,351
14,32087,1186,335
15,32102,1210,341
15,32117,1219,344
14,32131,1199,339
14,32145,1183,333
15,32160,1225,342
15,32175,1245,345
14,32189,1229,339
14,32203,1172,330
15,32218,1148,327
14,32232,1170,329
15,32247,1185,334
15,32262,1170,334
15,32277,1156,330
15,32292,1186,335
14,32306,1164,330
15,32321,1147,328
15,32336,1200,335
14,32350,1193,332
14,32364,1167,330
15,32379,1187,332
15,32394,1213,338
14,32408,1177,330
15,32423,1136,324
14,32437,1140,326
15,32452,1208,335
14,32466,1195,331
14,32480,1199,331
15,32495,1137,322
15,32510,1138,325
14,32524,1160,328
14,32538,1236,339
15,32553,1332,351
14,32567,1257,338
15,32582,1236,337
15,32597,1290,347
14,32611,1300,348
14,32625,1320,352
14,32639,1362,356
15,32654,1319,350
15,32669,1257,344
14,32683,1255,343
15,32698,1263,343
14,32712,1232,337
14,32726,1229,339
15,32741,1257,343
15,32756,1309,347
15,32771,1310,348
15,32786,1275,345
15,32801,1274,343
15,32816,1274,343
15,32831,1269,342
15,32846,1229,337
14,32860,1240,342
14,32874,1296,349
15,32889,1340,353
14,32903,1315,349
15,32918,1307,351
15,32933,1330,354
15,32948,1315,353
15,32963,1326,354
14,32977,1337,352
15,32992,1380,355
15,33007,1402,357
14,33021,1351,354
14,33035,1385,362
15,33050,1409,362
15,33065,1358,353
14,33079,1341,347
14,33093,1345,345
14,33107,1337,345
15,33122,1388,351
14,33136,1377,350
15,33151,1343,345
15,33166,1309,342
15,33181,1301,342
15,33196,1295,342
15,33211,1357,356
14,33225,1321,348
14,33239,1311,347
15,33254,1351,353
15,33269,1343,354
15,33284,1369,355
15,33299,1362,348
15,33314,1313,343
15,33329,1290,340
15,33344,1328,343
14,33358,1305,341
14,33372,1365,349
14,33386,1354,347
15,33401,1338,345
16,33417,1377,351
15,33432,1375,349
15,33447,1394,353
15,33462,1391,352
15,33477,1406,353
15,33492,1492,360
15,33507,1420,349
15,33522,1402,352
14,33536,1348,347
14,33550,1347,346
15,33565,1363,354
15,33580,1376,352
15,33595,1343,350
15,33610,1325,347
15,33625,1281,338
14,33639,1232,332
14,33653,1245,338
15,33668,1372,354
14,33682,1377,354
15,33697,1336,351
15,33712,1346,350
15,33727,1359,351
15,33742,1439,368
15,33757,1458,367
15,33772,1458,363
15,33787,1387,357
15,33802,1395,353
15,33817,1358,348
15,33832,1297,339
14,33846,1284,337
14,33860,1283,338
15,33875,1335,343
14,33889,1353,348
15,33904,1338,346
14,33918,1326,344
15,33933,1382,354
15,33948,1416,355
14,33962,1385,353
14,33976,1358,350
15,33991,1275,340
14,34005,1304,343
15,34020,1326,347
15,34035,1349,351
15,34050,1402,359
15,34065,1337,349
14,34079,1322,348
14,34093,1312,345
15,34108,1326,348
14,34122,1403,353
14,34136,1363,347
14,34150,1316,341
15,34165,1376,352
15,34180,1393,353
14,34194,1409,350
15,34209,1476,361
14,34223,1457,363
15,34238,1469,361
14,34252,1484,365
15,34267,1461,361
15,34282,1445,362
14,34296,1393,357
15,34311,1370,351
14,34325,1325,345
14,34339,1338,347
14,34353,1348,346
15,34368,1362,351
15,34383,1390,353
15,34398,1473,360
15,34413,1496,362
15,34428,1422,355
14,34442,1411,356
14,34456,1353,346
15,34471,1295,337
15,34486,1379,353
15,34501,1373,352
15,34516,1361,350
14,34530,1350,351
14,34544,1389,357
14,34558,1346,350
14,34572,1300,346
15,34587,1249,339
15,34602,1302,345
15,34617,1261,335
14,34631,1301,339
14,34645,1301,336
15,34660,1364,342
14,34674,1420,349
15,34689,1328,340
14,34703,1296,336
14,34717,1341,342
14,34731,1398,355
14,34745,1441,360
15,34760,1467,363
15,34775,1389,354
14,34789,1328,350
15,34804,1333,352
15,34819,1318,349
15,34834,1312,345
14,34848,1374,357
14,34862,1394,357
14,34876,1369,352
15,34891,1321,345
15,34906,1279,337
14,34920,1319,347
15,34935,1371,355
14,34949,1254,336
15,34964,1333,351
14,34978,1346,355
14,34992,1331,348
15,35007,1328,352
14,35021,1322,345
15,35036,1312,346
15,35051,1315,347
14,35065,1319,345
14,35079,1257,337
15,35094,1272,338
15,35109,1358,353
15,35124,1323,347
15,35139,1311,346
15,35154,1248,339
15,35169,1278,340
15,35184,1317,345
14,35198,1266,335
14,35212,1238,334
14,35226,1256,338
15,35241,1238,335
15,35256,1258,335
14,35270,1227,328
14,35284,1280,339
15,35299,1273,333
14,35313,1260,333
15,35328,1265,338
15,35343,1258,338
14,35357,1202,328
15,35372,1239,335
15,35387,1269,334
14,35401,1231,331
15,35416,1182,323
15,35431,1204,325
15,35446,1244,334
14,35460,1239,332
14,35474,1246,334
14,35488,1253,332
15,35503,1258,333
14,35517,1287,339
15,35532,1263,336
14,35546,1245,333
14,35560,1223,331
14,35574,1277,340
14,35588,1200,325
14,35602,1214,331
15,35617,1233,335
14,35631,1282,345
15,35646,1246,341
15,35661,1198,331
16,35677,1193,330
14,35691,1150,329
14,35705,1158,329
14,35719,1188,334
15,35734,1199,333
15,35749,1232,338
15,35764,1251,341
15,35779,1294,344
14,35793,1245,338
14,35807,1233,338
14,35821,1213,335
14,35835,1180,329
14,35849,1130,325
14,35863,1200,334
15,35878,1185,334
15,35893,1252,339
14,35907,1209,333
15,35922,1215,333
15,35937,1228,338
14,35951,1235,339
14,35965,1274,344
15,35980,1244,339
15,35995,1217,335
15,36010,1209,336
14,36024,1176,333
15,36039,1210,337
14,36053,1240,343
14,36067,1284,347
15,36082,1273,345
15,36097,1250,342
15,36112,1277,348
15,36127,1307,350
15,36142,1314,349
14,36156,1294,346
14,36170,1310,346
15,36185,1337,351
15,36200,1351,354
15,36215,1372,357
16,36231,1380,361
15,36246,1375,361
15,36261,1349,357
15,36276,1372,359
15,36291,1360,353
15,36306,1292,337
14,36320,1324,344
14,36334,1338,346
14,36348,1293,336
15,36363,1290,336
14,36377,1350,346
14,36391,1329,345
14,36405,1332,341
14,36419,1336,340
14,36433,1360,347
14,36447,1291,338
15,36462,1282,340
15,36477,1292,340
14,36491,1323,348
15,36506,1275,345
15,36521,1264,342
15,36536,1239,339
14,36550,1272,344
14,36564,1356,356
15,36579,1384,361
15,36594,1377,356
15,36609,1347,351
15,36624,1331,351
15,36639,1325,350
14,36653,1345,351
15,36668,1408,361
15,36683,1377,355
15,36698,1418,366
15,36713,1341,354
15,36728,1264,345
15,36743,1232,343
15,36758,1315,356
14,36772,1312,356
15,36787,1270,348
15,36802,1343,361
15,36817,1353,361
15,36832,1321,354
14,36846,1273,350
14,36860,1299,356
15,36875,1289,352
14,36889,1257,344
15,36904,1266,347
14,36918,1256,348
14,36932,1256,347
15,36947,1255,347
15,36962,1215,339
15,36977,1240,344
15,36992,1255,348
15,37007,1305,352
14,37021,1354,359
15,37036,1275,346
14,37050,1255,348
15,37065,1281,352
15,37080,1261,347
15,37095,1241,341
15,37110,1257,347
15,37125,1256,341
15,37140,1251,338
14,37154,1270,343
14,37168,1294,348
15,37183,1288,348
14,37197,1310,351
15,37212,1348,356
15,37227,1284,347
14,37241,1275,346
14,37255,1263,340
15,37270,1224,334
14,37284,1321,353
14,37298,1323,352
15,37313,1370,356
15,37328,1342,350
14,37342,1372,356
15,37357,1377,358
15,37372,1336,351
15,37387,1421,362
15,37402,1427,365
15,37417,1416,363
15,37432,1310,350
15,37447,1294,346
15,37462,1326,352
16,37478,1348,354
15,37493,1366,353
15,37508,1396,358
15,37523,1409,357
14,37537,1348,348
14,37551,1329,348
15,37566,1299,348
15,37581,1245,343
15,37596,1251,345
15,37611,1306,353
15,37626,1299,348
15,37641,1337,352
15,37656,1300,345
14,37670,1270,344
15,37685,1286,351
15,37700,1288,349
15,37715,1275,344
15,37730,1242,341
14,37744,1245,342
15,37759,1282,348
15,37774,1309,351
15,37789,1270,343
15,37804,1282,346
15,37819,1283,342
15,37834,1276,341
15,37849,1279,342
15,37864,1284,344
15,37879,1368,359
14,37893,1344,352
14,37907,1328,354
14,37921,1287,344
15,37936,1283,343
15,37951,1297,343
15,37966,1297,342
14,37980,1294,342
15,37995,1261,336
15,38010,1293,338
15,38025,1291,339
14,38039,1278,337
15,38054,1275,342
15,38069,1293,342
15,38084,1272,340
15,38099,1306,347
14,38113,1319,350
14,38127,1268,341
15,38142,1242,336
15,38157,1295,344
14,38171,1293,344
14,38185,1238,336
15,38200,1254,341
15,38215,1261,339
15,38230,1220,331
14,38244,1263,340
14,38258,1247,334
14,38272,1205,333
15,38287,1263,345
15,38302,1292,349
16,38318,1254,342
15,38333,1269,344
14,38347,1287,343
14,38361,1263,337
14,38375,1290,344
14,38389,1313,347
15,38404,1282,341
15,38419,1250,337
14,38433,1188,326
14,38447,1236,337
15,38462,1262,340
15,38477,1271,342
15,38492,1304,343
14,38506,1238,338
15,38521,1236,335
15,38536,1227,336
15,38551,1232,335
15,38566,1235,337
15,38581,1178,328
14,38595,1199,331
14,38609,1223,334
15,38624,1243,338
14,38638,1218,332
15,38653,1205,333
15,38668,1227,335
14,38682,1195,332
15,38697,1170,324
15,38712,1237,334
15,38727,1273,338
15,38742,1296,339
14,38756,1253,332
14,38770,1246,334
15,38785,1214,328
15,38800,1227,330
14,38814,1187,327
14,38828,1233,337
15,38843,1214,334
15,38858,1258,339
14,38872,1244,335
14,38886,1209,332
15,38901,1215,331
15,38916,1221,332
15,38931,1229,331
15,38946,1258,337
15,38961,1281,336
15,38976,1272,332
15,38991,1263,331
15,39006,1302,340
14,39020,1308,343
14,39034,1285,336
15,39049,1326,345
15,39064,1343,345
14,39078,1294,346
15,39093,1282,344
15,39108,1229,333
14,39122,1224,336
14,39136,1222,337
15,39151,1244,338
15,39166,1230,337
15,39181,1244,341
15,39196,1239,339
15,39211,1209,332
14,39225,1196,331
15,39240,1244,342
15,39255,1316,351
15,39270,1263,344
15,39285,1289,345
15,39300,1321,351
15,39315,1283,346
15,39330,1283,344
15,39345,1223,335
14,39359,1217,334
15,39374,1240,339
15,39389,1238,340
15,39404,1263,346
15,39419,1215,338
15,39434,1232,342
15,39449,1300,349
15,39464,1253,342
15,39479,1252,341
14,39493,1246,344
14,39507,1243,341
15,39522,1249,340
15,39537,1286,349
15,39552,1250,345
15,39567,1217,339
14,39581,1228,339
14,39595,1205,338
15,39610,1229,339
14,39624,1276,342
14,39638,1341,348
15,39653,1307,343
15,39668,1403,358
15,39683,1434,360
15,39698,1298,341
15,39713,1302,347
15,39728,1341,351
14,39742,1298,343
14,39756,1288,340
14,39770,1335,345
14,39784,1398,350
15,39799,1389,345
15,39814,1330,340
15,39829,1355,345
15,39844,1355,349
15,39859,1402,355
15,39874,1407,357
14,39888,1369,351
15,39903,1374,349
15,39918,1348,345
15,39933,1412,357
15,39948,1414,355
14,39962,1455,361
15,39977,1465,364
15,39992,1372,351
14,40006,1389,352
15,40021,1376,352
14,40035,1332,350
15,40050,1347,352
15,40065,1293,339
15,40080,1297,340
14,40094,1278,340
14,40108,1278,338
14,40122,1281,339
14,40136,1292,340
15,40151,1304,342
15,40166,1336,349
15,40181,1325,347
15,40196,1386,352
15,40211,1393,354
14,40225,1336,344
15,40240,1306,341
15,40255,1313,343
15,40270,1349,345
15,40285,1393,351
15,40300,1399,351
14,40314,1383,350
15,40329,1432,354
15,40344,1382,354
15,40359,1353,347
15,40374,1461,361
15,40389,1484,364
14,40403,1471,359
15,40418,1442,355
14,40432,1406,354
15,40447,1322,344
14,40461,1352,351
15,40476,1277,341
15,40491,1266,340
14,40505,1279,341
14,40519,1300,341
15,40534,1331,347
15,40549,1349,349
15,40564,1318,351
15,40579,1325,350
15,40594,1290,343
15,40609,1319,350
15,40624,1298,346
15,40639,1325,352
15,40654,1383,360
15,40669,1354,358
15,40684,1314,353
14,40698,1290,350
14,40712,1282,347
15,40727,1318,350
15,40742,1344,353
14,40756,1290,343
15,40771,1300,345
15,40786,1348,350
15,40801,1336,349
15,40816,1356,352
15,40831,1389,359
15,40846,1413,361
15,40861,1378,358
15,40876,1312,350
15,40891,1298,345
15,40906,1230,334
